"","Title","Year","Rated","Released","Runtime","Genre","Director","Writer","Actors","Plot","Language","Country","Awards","Poster","Ratings.Source","Ratings.Value","Metascore","imdbRating","imdbVotes","imdbID","Type","tomatoMeter","tomatoImage","tomatoRating","tomatoReviews","tomatoFresh","tomatoRotten","tomatoConsensus","tomatoUserMeter","tomatoUserRating","tomatoUserReviews","tomatoURL","DVD","BoxOffice","Production","Website","Response"
"1","The Shawshank Redemption","1994","R","14 Oct 1994","142 min","Crime, Drama","Frank Darabont","Stephen King (short story ""Rita Hayworth and Shawshank Redemption""), Frank Darabont (screenplay)","Tim Robbins, Morgan Freeman, Bob Gunton, William Sadler","Two imprisoned men bond over a number of years, finding solace and eventual redemption through acts of common decency.","English","USA","Nominated for 7 Oscars. Another 19 wins & 30 nominations.","https://images-na.ssl-images-amazon.com/images/M/MV5BODU4MjU4NjIwNl5BMl5BanBnXkFtZTgwMDU2MjEyMDE@._V1_SX300.jpg","Internet Movie Database","9.3/10","80","9.3","1,825,626","tt0111161","movie","N/A","N/A","N/A","N/A","N/A","N/A","N/A","N/A","N/A","N/A","http://www.rottentomatoes.com/m/shawshank_redemption/","27 Jan 1998","N/A","Columbia Pictures","N/A","True"
"2","The Godfather","1972","R","24 Mar 1972","175 min","Crime, Drama","Francis Ford Coppola","Mario Puzo (screenplay), Francis Ford Coppola (screenplay), Mario Puzo (novel)","Marlon Brando, Al Pacino, James Caan, Richard S. Castellano","The aging patriarch of an organized crime dynasty transfers control of his clandestine empire to his reluctant son.","English, Italian, Latin","USA","Won 3 Oscars. Another 23 wins & 27 nominations.","https://images-na.ssl-images-amazon.com/images/M/MV5BZTRmNjQ1ZDYtNDgzMy00OGE0LWE4N2YtNTkzNWQ5ZDhlNGJmL2ltYWdlL2ltYWdlXkEyXkFqcGdeQXVyNjU0OTQ0OTY@._V1_SX300.jpg","Internet Movie Database","9.2/10","100","9.2","1,243,444","tt0068646","movie","N/A","N/A","N/A","N/A","N/A","N/A","N/A","N/A","N/A","N/A","http://www.rottentomatoes.com/m/godfather/","09 Oct 2001","N/A","Paramount Pictures","http://www.thegodfather.com","True"
"3","The Godfather: Part II","1974","R","20 Dec 1974","202 min","Crime, Drama","Francis Ford Coppola","Francis Ford Coppola (screenplay), Mario Puzo (screenplay), Mario Puzo (novel)","Al Pacino, Robert Duvall, Diane Keaton, Robert De Niro","The early life and career of Vito Corleone in 1920s New York is portrayed while his son, Michael, expands and tightens his grip on the family crime syndicate.","English, Italian, Spanish, Latin, Sicilian","USA","Won 6 Oscars. Another 10 wins & 20 nominations.","https://images-na.ssl-images-amazon.com/images/M/MV5BMjZiNzIxNTQtNDc5Zi00YWY1LThkMTctMDgzYjY4YjI1YmQyL2ltYWdlL2ltYWdlXkEyXkFqcGdeQXVyNjU0OTQ0OTY@._V1_SX300.jpg","Internet Movie Database","9.0/10","85","9.0","856,870","tt0071562","movie","N/A","N/A","N/A","N/A","N/A","N/A","N/A","N/A","N/A","N/A","http://www.rottentomatoes.com/m/godfather_part_ii/","24 May 2005","N/A","Paramount Pictures","http://www.thegodfather.com/","True"
"4","The Dark Knight","2008","PG-13","18 Jul 2008","152 min","Action, Crime, Drama","Christopher Nolan","Jonathan Nolan (screenplay), Christopher Nolan (screenplay), Christopher Nolan (story), David S. Goyer (story), Bob Kane (characters)","Christian Bale, Heath Ledger, Aaron Eckhart, Michael Caine","When the menace known as the Joker emerges from his mysterious past, he wreaks havoc and chaos on the people of Gotham, the Dark Knight must accept one of the greatest psychological and physical tests of his ability to fight injustice.","English, Mandarin","USA, UK","Won 2 Oscars. Another 151 wins & 153 nominations.","https://images-na.ssl-images-amazon.com/images/M/MV5BMTMxNTMwODM0NF5BMl5BanBnXkFtZTcwODAyMTk2Mw@@._V1_SX300.jpg","Internet Movie Database","9.0/10","82","9.0","1,802,351","tt0468569","movie","N/A","N/A","N/A","N/A","N/A","N/A","N/A","N/A","N/A","N/A","http://www.rottentomatoes.com/m/the_dark_knight/","09 Dec 2008","$533,316,061","Warner Bros. Pictures/Legendary","http://thedarkknight.warnerbros.com/","True"
"5","12 Angry Men","1957","APPROVED","01 Apr 1957","96 min","Crime, Drama","Sidney Lumet","Reginald Rose (story), Reginald Rose (screenplay)","Martin Balsam, John Fiedler, Lee J. Cobb, E.G. Marshall","A jury holdout attempts to prevent a miscarriage of justice by forcing his colleagues to reconsider the evidence.","English","USA","Nominated for 3 Oscars. Another 16 wins & 8 nominations.","https://images-na.ssl-images-amazon.com/images/M/MV5BODQwOTc5MDM2N15BMl5BanBnXkFtZTcwODQxNTEzNA@@._V1_SX300.jpg","Internet Movie Database","8.9/10","96","8.9","494,215","tt0050083","movie","N/A","N/A","N/A","N/A","N/A","N/A","N/A","N/A","N/A","N/A","http://www.rottentomatoes.com/m/1000013-12_angry_men/","06 Mar 2001","N/A","Criterion Collection","http://www.criterion.com/films/27871-12-angry-men","True"
"6","Schindler's List","1993","R","04 Feb 1994","195 min","Biography, Drama, History","Steven Spielberg","Thomas Keneally (book), Steven Zaillian (screenplay)","Liam Neeson, Ben Kingsley, Ralph Fiennes, Caroline Goodall","In German-occupied Poland during World War II, Oskar Schindler gradually becomes concerned for his Jewish workforce after witnessing their persecution by the Nazi Germans.","English, Hebrew, German, Polish","USA","Won 7 Oscars. Another 71 wins & 33 nominations.","https://images-na.ssl-images-amazon.com/images/M/MV5BNDE4OTMxMTctNmRhYy00NWE2LTg3YzItYTk3M2UwOTU5Njg4XkEyXkFqcGdeQXVyNjU0OTQ0OTY@._V1_SX300.jpg","Internet Movie Database","8.9/10","93","8.9","937,837","tt0108052","movie","N/A","N/A","N/A","N/A","N/A","N/A","N/A","N/A","N/A","N/A","http://www.rottentomatoes.com/m/schindlers_list/","09 Mar 2004","N/A","Universal Pictures","http://www.schindlerslist.com","True"
"7","The Lord of the Rings: The Return of the King","2003","PG-13","17 Dec 2003","201 min","Adventure, Drama, Fantasy","Peter Jackson","J.R.R. Tolkien (novel), Fran Walsh (screenplay), Philippa Boyens (screenplay), Peter Jackson (screenplay)","Noel Appleby, Ali Astin, Sean Astin, David Aston","Gandalf and Aragorn lead the World of Men against Sauron's army to draw his gaze from Frodo and Sam as they approach Mount Doom with the One Ring.","English, Quenya, Old English, Sindarin","USA, New Zealand","Won 11 Oscars. Another 197 wins & 122 nominations.","https://images-na.ssl-images-amazon.com/images/M/MV5BYWY1ZWQ5YjMtMDE0MS00NWIzLWE1M2YtODYzYTk2OTNlYWZmXkEyXkFqcGdeQXVyNDUyOTg3Njg@._V1_SX300.jpg","Internet Movie Database","8.9/10","94","8.9","1,304,569","tt0167260","movie","N/A","N/A","N/A","N/A","N/A","N/A","N/A","N/A","N/A","N/A","http://www.rottentomatoes.com/m/the_lord_of_the_rings_the_return_of_the_king/","25 May 2004","$364,000,000","New Line Cinema","http://www.lordoftherings.net/","True"
"8","Pulp Fiction","1994","R","14 Oct 1994","154 min","Crime, Drama","Quentin Tarantino","Quentin Tarantino (stories), Roger Avary (stories), Quentin Tarantino","Tim Roth, Amanda Plummer, Laura Lovelace, John Travolta","The lives of two mob hit men, a boxer, a gangster's wife, and a pair of diner bandits intertwine in four tales of violence and redemption.","English, Spanish, French","USA","Won 1 Oscar. Another 60 wins & 68 nominations.","https://images-na.ssl-images-amazon.com/images/M/MV5BMTkxMTA5OTAzMl5BMl5BanBnXkFtZTgwNjA5MDc3NjE@._V1_SX300.jpg","Internet Movie Database","8.9/10","94","8.9","1,427,451","tt0110912","movie","N/A","N/A","N/A","N/A","N/A","N/A","N/A","N/A","N/A","N/A","http://www.rottentomatoes.com/m/pulp_fiction/","19 May 1998","N/A","Miramax Films","N/A","True"
"9","Fight Club","1999","R","15 Oct 1999","139 min","Drama","David Fincher","Chuck Palahniuk (novel), Jim Uhls (screenplay)","Edward Norton, Brad Pitt, Meat Loaf, Zach Grenier","An insomniac office worker, looking for a way to change his life, crosses paths with a devil-may-care soap maker, forming an underground fight club that evolves into something much, much more.","English","USA, Germany","Nominated for 1 Oscar. Another 10 wins & 31 nominations.","https://images-na.ssl-images-amazon.com/images/M/MV5BZGY5Y2RjMmItNDg5Yy00NjUwLThjMTEtNDc2OGUzNTBiYmM1XkEyXkFqcGdeQXVyNjU0OTQ0OTY@._V1_SX300.jpg","Internet Movie Database","8.8/10","66","8.8","1,458,676","tt0137523","movie","N/A","N/A","N/A","N/A","N/A","N/A","N/A","N/A","N/A","N/A","http://www.rottentomatoes.com/m/fight_club/","06 Jun 2000","N/A","20th Century Fox","http://www.foxmovies.com/fightclub/","True"
"10","The Lord of the Rings: The Fellowship of the Ring","2001","PG-13","19 Dec 2001","178 min","Adventure, Drama, Fantasy","Peter Jackson","J.R.R. Tolkien (novel), Fran Walsh (screenplay), Philippa Boyens (screenplay), Peter Jackson (screenplay)","Alan Howard, Noel Appleby, Sean Astin, Sala Baker","A meek Hobbit from the Shire and eight companions set out on a journey to destroy the powerful One Ring and save Middle Earth from the Dark Lord Sauron.","English, Sindarin","New Zealand, USA","Won 4 Oscars. Another 113 wins & 124 nominations.","https://images-na.ssl-images-amazon.com/images/M/MV5BN2EyZjM3NzUtNWUzMi00MTgxLWI0NTctMzY4M2VlOTdjZWRiXkEyXkFqcGdeQXVyNDUzOTQ5MjY@._V1_SX300.jpg","Internet Movie Database","8.8/10","92","8.8","1,326,876","tt0120737","movie","N/A","N/A","N/A","N/A","N/A","N/A","N/A","N/A","N/A","N/A","http://www.rottentomatoes.com/m/the_lord_of_the_rings_the_fellowship_of_the_ring/","06 Aug 2002","$314,000,000","New Line Cinema","http://www.lordoftherings.net/film/trilogy/thefellowship.html","True"
"11","Forrest Gump","1994","PG-13","06 Jul 1994","142 min","Comedy, Drama, Romance","Robert Zemeckis","Winston Groom (novel), Eric Roth (screenplay)","Tom Hanks, Rebecca Williams, Sally Field, Michael Conner Humphreys","While not intelligent, Forrest Gump has accidentally been present at many historic moments, but his true love, Jenny Curran, eludes him.","English","USA","Won 6 Oscars. Another 39 wins & 66 nominations.","https://images-na.ssl-images-amazon.com/images/M/MV5BYThjM2MwZGMtMzg3Ny00NGRkLWE4M2EtYTBiNWMzOTY0YTI4XkEyXkFqcGdeQXVyNDYyMDk5MTU@._V1_SX300.jpg","Internet Movie Database","8.8/10","82","8.8","1,365,937","tt0109830","movie","N/A","N/A","N/A","N/A","N/A","N/A","N/A","N/A","N/A","N/A","http://www.rottentomatoes.com/m/forrest_gump/","28 Aug 2001","$405,000","Paramount Pictures","http://www.paramount.com/movies/forrest-gump/","True"
"12","Star Wars: Episode V - The Empire Strikes Back","1980","PG","20 Jun 1980","124 min","Action, Adventure, Fantasy","Irvin Kershner","Leigh Brackett (screenplay), Lawrence Kasdan (screenplay), George Lucas (story by)","Mark Hamill, Harrison Ford, Carrie Fisher, Billy Dee Williams","After the rebels are overpowered by the Empire on their newly established base, Luke Skywalker begins Jedi training with Master Yoda. His friends accept shelter from a questionable ally as Darth Vader hunts them in a plan to capture Luke.","English","USA","Won 1 Oscar. Another 21 wins & 19 nominations.","https://images-na.ssl-images-amazon.com/images/M/MV5BYmViY2M2MTYtY2MzOS00YjQ1LWIzYmEtOTBiNjhlMGM0NjZjXkEyXkFqcGdeQXVyNDYyMDk5MTU@._V1_SX300.jpg","Internet Movie Database","8.8/10","81","8.8","910,608","tt0080684","movie","N/A","N/A","N/A","N/A","N/A","N/A","N/A","N/A","N/A","N/A","http://www.rottentomatoes.com/m/empire_strikes_back/","21 Sep 2004","$4,548,170","Twentieth Century Fox","http://www.starwars.com/episode-v/","True"
"13","Inception","2010","PG-13","16 Jul 2010","148 min","Action, Adventure, Sci-Fi","Christopher Nolan","Christopher Nolan","Leonardo DiCaprio, Joseph Gordon-Levitt, Ellen Page, Tom Hardy","A thief, who steals corporate secrets through use of dream-sharing technology, is given the inverse task of planting an idea into the mind of a CEO.","English, Japanese, French","USA, UK","Won 4 Oscars. Another 150 wins & 203 nominations.","https://images-na.ssl-images-amazon.com/images/M/MV5BMjAxMzY3NjcxNF5BMl5BanBnXkFtZTcwNTI5OTM0Mw@@._V1_SX300.jpg","Internet Movie Database","8.8/10","74","8.8","1,592,306","tt1375666","movie","N/A","N/A","N/A","N/A","N/A","N/A","N/A","N/A","N/A","N/A","http://www.rottentomatoes.com/m/inception/","07 Dec 2010","$292,568,851","Warner Bros. Pictures","http://inceptionmovie.warnerbros.com/","True"
"14","The Lord of the Rings: The Two Towers","2002","PG-13","18 Dec 2002","179 min","Adventure, Drama, Fantasy","Peter Jackson","J.R.R. Tolkien (novel), Fran Walsh (screenplay), Philippa Boyens (screenplay), Stephen Sinclair (screenplay), Peter Jackson (screenplay)","Bruce Allpress, Sean Astin, John Bach, Sala Baker","While Frodo and Sam edge closer to Mordor with the help of the shifty Gollum, the divided fellowship makes a stand against Sauron's new ally, Saruman, and his hordes of Isengard.","English, Sindarin, Old English","USA, New Zealand","Won 2 Oscars. Another 118 wins & 138 nominations.","https://images-na.ssl-images-amazon.com/images/M/MV5BMDY0NmI4ZjctN2VhZS00YzExLTkyZGItMTJhOTU5NTg4MDU4XkEyXkFqcGdeQXVyNjU0OTQ0OTY@._V1_SX300.jpg","Internet Movie Database","8.7/10","88","8.7","1,188,300","tt0167261","movie","N/A","N/A","N/A","N/A","N/A","N/A","N/A","N/A","N/A","N/A","http://www.rottentomatoes.com/m/the_lord_of_the_rings_the_two_towers/","26 Aug 2003","$339,700,000","New Line Cinema","http://www.lordoftherings.net/","True"
"15","One Flew Over the Cuckoo's Nest","1975","R","19 Nov 1975","133 min","Drama","Milos Forman","Lawrence Hauben (screenplay), Bo Goldman (screenplay), Ken Kesey (based on the novel by), Dale Wasserman (the play version: ""One Flew Over the Cuckoo's Nest"" by)","Michael Berryman, Peter Brocco, Dean R. Brooks, Alonzo Brown","A criminal pleads insanity after getting into trouble again and once in the mental institution rebels against the oppressive nurse and rallies up the scared patients.","English","USA","Won 5 Oscars. Another 30 wins & 13 nominations.","https://images-na.ssl-images-amazon.com/images/M/MV5BZjA0OWVhOTAtYWQxNi00YzNhLWI4ZjYtNjFjZTEyYjJlNDVlL2ltYWdlL2ltYWdlXkEyXkFqcGdeQXVyMTQxNzMzNDI@._V1_SX300.jpg","Internet Movie Database","8.7/10","80","8.7","729,653","tt0073486","movie","N/A","N/A","N/A","N/A","N/A","N/A","N/A","N/A","N/A","N/A","http://www.rottentomatoes.com/m/one_flew_over_the_cuckoos_nest/","09 Dec 1997","N/A","United Artists","N/A","True"
"16","Goodfellas","1990","R","21 Sep 1990","146 min","Crime, Drama","Martin Scorsese","Nicholas Pileggi (book), Nicholas Pileggi (screenplay), Martin Scorsese (screenplay)","Robert De Niro, Ray Liotta, Joe Pesci, Lorraine Bracco","The story of Henry Hill and his life through the teen years into the years of mafia, covering his relationship with wife Karen Hill and his Mob partners Jimmy Conway and Tommy DeVitto in the Italian-American crime syndicate.","English, Italian","USA","Won 1 Oscar. Another 37 wins & 35 nominations.","https://images-na.ssl-images-amazon.com/images/M/MV5BNThjMzczMjctZmIwOC00NTQ4LWJhZWItZDdhNTk5ZTdiMWFlXkEyXkFqcGdeQXVyNDYyMDk5MTU@._V1_SX300.jpg","Internet Movie Database","8.7/10","89","8.7","787,997","tt0099685","movie","N/A","N/A","N/A","N/A","N/A","N/A","N/A","N/A","N/A","N/A","http://www.rottentomatoes.com/m/1032176-goodfellas/","26 Mar 1997","N/A","Warner Bros.","N/A","True"
"17","The Matrix","1999","R","31 Mar 1999","136 min","Action, Sci-Fi","Lana Wachowski, Lilly Wachowski","Lilly Wachowski, Lana Wachowski","Keanu Reeves, Laurence Fishburne, Carrie-Anne Moss, Hugo Weaving","A computer hacker learns from mysterious rebels about the true nature of his reality and his role in the war against its controllers.","English","USA","Won 4 Oscars. Another 34 wins & 45 nominations.","https://images-na.ssl-images-amazon.com/images/M/MV5BNzQzOTk3OTAtNDQ0Zi00ZTVkLWI0MTEtMDllZjNkYzNjNTc4L2ltYWdlXkEyXkFqcGdeQXVyNjU0OTQ0OTY@._V1_SX300.jpg","Internet Movie Database","8.7/10","73","8.7","1,314,628","tt0133093","movie","N/A","N/A","N/A","N/A","N/A","N/A","N/A","N/A","N/A","N/A","http://www.rottentomatoes.com/m/matrix/","21 Sep 1999","N/A","Warner Bros. Pictures","http://www.whatisthematrix.com","True"
"18","Star Wars: Episode IV - A New Hope","1977","PG","25 May 1977","121 min","Action, Adventure, Fantasy","George Lucas","George Lucas","Mark Hamill, Harrison Ford, Carrie Fisher, Peter Cushing","Luke Skywalker joins forces with a Jedi Knight, a cocky pilot, a wookiee and two droids to save the galaxy from the Empire's world-destroying battle-station, while also attempting to rescue Princess Leia from the evil Darth Vader.","English","USA","Won 6 Oscars. Another 50 wins & 28 nominations.","https://images-na.ssl-images-amazon.com/images/M/MV5BYzQ2OTk4N2QtOGQwNy00MmI3LWEwNmEtOTk0OTY3NDk2MGJkL2ltYWdlL2ltYWdlXkEyXkFqcGdeQXVyNjc1NTYyMjg@._V1_SX300.jpg","Internet Movie Database","8.7/10","92","8.7","982,688","tt0076759","movie","N/A","N/A","N/A","N/A","N/A","N/A","N/A","N/A","N/A","N/A","http://www.rottentomatoes.com/m/star_wars/","21 Sep 2004","N/A","20th Century Fox","http://www.starwars.com/episode-iv/","True"
"19","Se7en","1995","R","22 Sep 1995","127 min","Crime, Drama, Mystery","David Fincher","Andrew Kevin Walker","Morgan Freeman, Andrew Kevin Walker, Kevin Spacey, Daniel Zacapa","Two detectives, a rookie and a veteran, hunt a serial killer who uses the seven deadly sins as his motives.","English","USA","Nominated for 1 Oscar. Another 25 wins & 34 nominations.","https://images-na.ssl-images-amazon.com/images/M/MV5BOTUwODM5MTctZjczMi00OTk4LTg3NWUtNmVhMTAzNTNjYjcyXkEyXkFqcGdeQXVyNjU0OTQ0OTY@._V1_SX300.jpg","Internet Movie Database","8.6/10","65","8.6","1,108,627","tt0114369","movie","N/A","N/A","N/A","N/A","N/A","N/A","N/A","N/A","N/A","N/A","http://www.rottentomatoes.com/m/seven/","14 Apr 1997","N/A","New Line Cinema","N/A","True"
"20","It's a Wonderful Life","1946","PG","07 Jan 1947","130 min","Drama, Family, Fantasy","Frank Capra","Frances Goodrich (screenplay), Albert Hackett (screenplay), Frank Capra (screenplay), Jo Swerling (additional scenes), Philip Van Doren Stern (story)","James Stewart, Donna Reed, Lionel Barrymore, Thomas Mitchell","An angel is sent from Heaven to help a desperately frustrated businessman by showing him what life would have been like if he had never existed.","English","USA","Nominated for 5 Oscars. Another 6 wins & 1 nomination.","https://images-na.ssl-images-amazon.com/images/M/MV5BMTMzMzY5NDc4M15BMl5BanBnXkFtZTcwMzc4NjIxNw@@._V1_SX300.jpg","Internet Movie Database","8.6/10","89","8.6","301,614","tt0038650","movie","N/A","N/A","N/A","N/A","N/A","N/A","N/A","N/A","N/A","N/A","http://www.rottentomatoes.com/m/1010792-its_a_wonderful_life/","19 Sep 1995","N/A","Liberty Films","N/A","True"
"21","The Silence of the Lambs","1991","R","14 Feb 1991","118 min","Crime, Drama, Thriller","Jonathan Demme","Thomas Harris (novel), Ted Tally (screenplay)","Jodie Foster, Lawrence A. Bonney, Kasi Lemmons, Lawrence T. Wrentz","A young F.B.I. cadet must confide in an incarcerated and manipulative killer to receive his help on catching another serial killer who skins his victims.","English","USA","Won 5 Oscars. Another 49 wins & 37 nominations.","https://images-na.ssl-images-amazon.com/images/M/MV5BNjNhZTk0ZmEtNjJhMi00YzFlLWE1MmEtYzM1M2ZmMGMwMTU4XkEyXkFqcGdeQXVyNjU0OTQ0OTY@._V1_SX300.jpg","Internet Movie Database","8.6/10","84","8.6","967,878","tt0102926","movie","N/A","N/A","N/A","N/A","N/A","N/A","N/A","N/A","N/A","N/A","http://www.rottentomatoes.com/m/silence_of_the_lambs/","01 Jul 1998","N/A","Orion Pictures Corporation","N/A","True"
"22","The Usual Suspects","1995","R","15 Sep 1995","106 min","Crime, Drama, Mystery","Bryan Singer","Christopher McQuarrie","Stephen Baldwin, Gabriel Byrne, Benicio Del Toro, Kevin Pollak","A sole survivor tells of the twisty events leading up to a horrific gun battle on a boat, which began when five criminals met at a seemingly random police lineup.","English, Hungarian, Spanish, French","USA, Germany","Won 2 Oscars. Another 32 wins & 16 nominations.","https://images-na.ssl-images-amazon.com/images/M/MV5BYTViNjMyNmUtNDFkNC00ZDRlLThmMDUtZDU2YWE4NGI2ZjVmXkEyXkFqcGdeQXVyNjU0OTQ0OTY@._V1_SX300.jpg","Internet Movie Database","8.6/10","77","8.6","797,545","tt0114814","movie","N/A","N/A","N/A","N/A","N/A","N/A","N/A","N/A","N/A","N/A","http://www.rottentomatoes.com/m/usual_suspects/","09 Dec 1999","N/A","Gramercy Pictures","N/A","True"
"23","Léon: The Professional","1994","R","18 Nov 1994","110 min","Crime, Drama, Thriller","Luc Besson","Luc Besson","Jean Reno, Gary Oldman, Natalie Portman, Danny Aiello","Mathilda, a 12-year-old girl, is reluctantly taken in by Léon, a professional assassin, after her family is murdered. Léon and Mathilda form an unusual relationship, as she becomes his protégée and learns the assassin's trade.","English, Italian, French","France","5 wins & 11 nominations.","https://images-na.ssl-images-amazon.com/images/M/MV5BMjdjMGU3MGYtN2Y5ZC00MTE4LWE4YWQtMTBhMjc3MTk0ZDUwXkEyXkFqcGdeQXVyNjU0OTQ0OTY@._V1_SX300.jpg","Internet Movie Database","8.6/10","64","8.6","787,281","tt0110413","movie","N/A","N/A","N/A","N/A","N/A","N/A","N/A","N/A","N/A","N/A","http://www.rottentomatoes.com/m/leon_the_professional/","15 Aug 2000","N/A","Columbia Pictures","N/A","True"
"24","Saving Private Ryan","1998","R","24 Jul 1998","169 min","Drama, War","Steven Spielberg","Robert Rodat","Tom Hanks, Tom Sizemore, Edward Burns, Barry Pepper","Following the Normandy Landings, a group of U.S. soldiers go behind enemy lines to retrieve a paratrooper whose brothers have been killed in action.","English, French, German, Czech","USA","Won 5 Oscars. Another 74 wins & 74 nominations.","https://images-na.ssl-images-amazon.com/images/M/MV5BZjhkMDM4MWItZTVjOC00ZDRhLThmYTAtM2I5NzBmNmNlMzI1XkEyXkFqcGdeQXVyNDYyMDk5MTU@._V1_SX300.jpg","Internet Movie Database","8.6/10","90","8.6","960,639","tt0120815","movie","N/A","N/A","N/A","N/A","N/A","N/A","N/A","N/A","N/A","N/A","http://www.rottentomatoes.com/m/saving_private_ryan/","02 Nov 1999","N/A","Paramount Pictures","http://https://www.facebook.com/SavingPrivateRyanMovie","True"
"25","City Lights","1931","G","07 Mar 1931","87 min","Comedy, Drama, Romance","Charles Chaplin","Charles Chaplin","Virginia Cherrill, Florence Lee, Harry Myers, Al Ernest Garcia","With the aid of a wealthy erratic tippler, a dewy-eyed tramp who has fallen in love with a sightless flower girl accumulates money to be able to help her medically.","English","USA","3 wins.","https://images-na.ssl-images-amazon.com/images/M/MV5BZDRjMmI3ZjgtMGE3Mi00NjY5LTg0NWMtMmU3YzgyMjhmMjIzL2ltYWdlXkEyXkFqcGdeQXVyNTAyODkwOQ@@._V1_SX300.jpg","Internet Movie Database","8.6/10","N/A","8.6","119,453","tt0021749","movie","N/A","N/A","N/A","N/A","N/A","N/A","N/A","N/A","N/A","N/A","http://www.rottentomatoes.com/m/city_lights/","08 Feb 2000","N/A","Twentieth Century Fox Home Entertainment","N/A","True"
"26","Interstellar","2014","PG-13","07 Nov 2014","169 min","Adventure, Drama, Sci-Fi","Christopher Nolan","Jonathan Nolan, Christopher Nolan","Ellen Burstyn, Matthew McConaughey, Mackenzie Foy, John Lithgow","A team of explorers travel through a wormhole in space in an attempt to ensure humanity's survival.","English","USA, UK, Canada, Iceland","Won 1 Oscar. Another 41 wins & 142 nominations.","https://images-na.ssl-images-amazon.com/images/M/MV5BMjIxNTU4MzY4MF5BMl5BanBnXkFtZTgwMzM4ODI3MjE@._V1_SX300.jpg","Internet Movie Database","8.6/10","74","8.6","1,057,411","tt0816692","movie","N/A","N/A","N/A","N/A","N/A","N/A","N/A","N/A","N/A","N/A","http://www.rottentomatoes.com/m/interstellar_2014/","31 Mar 2015","$158,737,441","Paramount Pictures","http://www.InterstellarMovie.com/","True"
"27","American History X","1998","R","20 Nov 1998","119 min","Crime, Drama","Tony Kaye","David McKenna","Edward Norton, Edward Furlong, Beverly D'Angelo, Jennifer Lien","A former neo-nazi skinhead tries to prevent his younger brother from going down the same wrong path that he did.","English","USA","Nominated for 1 Oscar. Another 4 wins & 13 nominations.","https://images-na.ssl-images-amazon.com/images/M/MV5BZjA0MTM4MTQtNzY5MC00NzY3LWI1ZTgtYzcxMjkyMzU4MDZiXkEyXkFqcGdeQXVyNDYyMDk5MTU@._V1_SX300.jpg","Internet Movie Database","8.5/10","62","8.5","843,128","tt0120586","movie","N/A","N/A","N/A","N/A","N/A","N/A","N/A","N/A","N/A","N/A","http://www.rottentomatoes.com/m/american_history_x/","06 Apr 1999","N/A","New Line Cinema","http://www.historyx.com","True"
"28","Modern Times","1936","G","25 Feb 1936","87 min","Comedy, Drama, Family","Charles Chaplin","Charles Chaplin","Charles Chaplin, Paulette Goddard, Henry Bergman, Tiny Sandford","The Tramp struggles to live in modern industrial society with the help of a young homeless woman.","English","USA","4 wins & 1 nomination.","https://images-na.ssl-images-amazon.com/images/M/MV5BYjJiZjMzYzktNjU0NS00OTkxLWEwYzItYzdhYWJjN2QzMTRlL2ltYWdlL2ltYWdlXkEyXkFqcGdeQXVyNjU0OTQ0OTY@._V1_SX300.jpg","Internet Movie Database","8.5/10","96","8.5","158,254","tt0027977","movie","N/A","N/A","N/A","N/A","N/A","N/A","N/A","N/A","N/A","N/A","http://www.rottentomatoes.com/m/modern_times/","23 Aug 2010","N/A","United Artists","http://www.kino.com/moderntimes","True"
"29","Casablanca","1942","PG","23 Jan 1943","102 min","Drama, Romance, War","Michael Curtiz","Julius J. Epstein (screenplay), Philip G. Epstein (screenplay), Howard Koch (screenplay), Murray Burnett (play), Joan Alison (play)","Humphrey Bogart, Ingrid Bergman, Paul Henreid, Claude Rains","In Casablanca in December 1941, a cynical American expatriate encounters a former lover, with unforeseen complications.","English, French, German, Italian","USA","Won 3 Oscars. Another 5 wins & 8 nominations.","https://images-na.ssl-images-amazon.com/images/M/MV5BY2IzZGY2YmEtYzljNS00NTM5LTgwMzUtMzM1NjQ4NGI0OTk0XkEyXkFqcGdeQXVyNDYyMDk5MTU@._V1_SX300.jpg","Internet Movie Database","8.5/10","100","8.5","415,400","tt0034583","movie","N/A","N/A","N/A","N/A","N/A","N/A","N/A","N/A","N/A","N/A","http://www.rottentomatoes.com/m/1003707-casablanca/","15 Feb 2000","N/A","Warner Bros. Pictures","http://www.FathomEvents.com","True"
"30","The Green Mile","1999","R","10 Dec 1999","189 min","Crime, Drama, Fantasy","Frank Darabont","Stephen King (novel), Frank Darabont (screenplay)","Tom Hanks, David Morse, Michael Clarke Duncan, Bonnie Hunt","The lives of guards on Death Row are affected by one of their charges: a black man accused of child murder and rape, yet who has a mysterious gift.","English, French","USA","Nominated for 4 Oscars. Another 15 wins & 30 nominations.","https://images-na.ssl-images-amazon.com/images/M/MV5BMTUxMzQyNjA5MF5BMl5BanBnXkFtZTYwOTU2NTY3._V1_SX300.jpg","Internet Movie Database","8.5/10","61","8.5","857,527","tt0120689","movie","N/A","N/A","N/A","N/A","N/A","N/A","N/A","N/A","N/A","N/A","http://www.rottentomatoes.com/m/green_mile/","13 Jun 2000","N/A","Warner Bros. Pictures","http://www.thegreenmile.com","True"
"31","Psycho","1960","APPROVED","08 Sep 1960","109 min","Horror, Mystery, Thriller","Alfred Hitchcock","Joseph Stefano (screenplay), Robert Bloch (novel)","Anthony Perkins, Vera Miles, John Gavin, Janet Leigh","A Phoenix secretary embezzles $40,000 from her employer's client, goes on the run, and checks into a remote motel run by a young man under the domination of his mother.","English","USA","Nominated for 4 Oscars. Another 5 wins & 9 nominations.","https://images-na.ssl-images-amazon.com/images/M/MV5BOWQ0MjRmZmUtY2Q2Yi00ODcxLWE4NGMtMTNjMDY1YmUzMjVkXkEyXkFqcGdeQXVyNjc1NTYyMjg@._V1_SX300.jpg","Internet Movie Database","8.5/10","97","8.5","458,316","tt0054215","movie","N/A","N/A","N/A","N/A","N/A","N/A","N/A","N/A","N/A","N/A","http://www.rottentomatoes.com/m/psycho/","06 Mar 2001","N/A","Paramount Pictures","N/A","True"
"32","Raiders of the Lost Ark","1981","PG","12 Jun 1981","115 min","Action, Adventure","Steven Spielberg","Lawrence Kasdan (screenplay), George Lucas (story by), Philip Kaufman (story by)","Harrison Ford, Karen Allen, Paul Freeman, Ronald Lacey","Archaeologist and adventurer Indiana Jones is hired by the U.S. government to find the Ark of the Covenant before the Nazis.","English, German, Hebrew, Spanish, Arabic, Nepali","USA","Won 4 Oscars. Another 30 wins & 23 nominations.","https://images-na.ssl-images-amazon.com/images/M/MV5BMjA0ODEzMTc1Nl5BMl5BanBnXkFtZTcwODM2MjAxNA@@._V1_SX300.jpg","Internet Movie Database","8.5/10","85","8.5","709,587","tt0082971","movie","N/A","N/A","N/A","N/A","N/A","N/A","N/A","N/A","N/A","N/A","http://www.rottentomatoes.com/m/raiders_of_the_lost_ark/","21 Oct 2003","N/A","Paramount Pictures","http://www.indianajones.com/raiders/","True"
"33","The Pianist","2002","R","28 Mar 2003","150 min","Biography, Drama, Music","Roman Polanski","Ronald Harwood (screenplay), Wladyslaw Szpilman (book)","Adrien Brody, Emilia Fox, Michal Zebrowski, Ed Stoppard","A Polish Jewish musician struggles to survive the destruction of the Warsaw ghetto of World War II.","English, German, Russian","France, Poland, Germany, UK","Won 3 Oscars. Another 51 wins & 72 nominations.","https://images-na.ssl-images-amazon.com/images/M/MV5BOWRiZDIxZjktMTA1NC00MDQ2LWEzMjUtMTliZmY3NjQ3ODJiXkEyXkFqcGdeQXVyNjU0OTQ0OTY@._V1_SX300.jpg","Internet Movie Database","8.5/10","85","8.5","547,383","tt0253474","movie","N/A","N/A","N/A","N/A","N/A","N/A","N/A","N/A","N/A","N/A","http://www.rottentomatoes.com/m/pianist/","27 May 2003","$32,519,322","Focus Features","http://www.thepianistmovie.com/","True"
"34","Rear Window","1954","APPROVED","01 Sep 1954","112 min","Mystery, Thriller","Alfred Hitchcock","John Michael Hayes (screenplay), Cornell Woolrich (based on the short story by)","James Stewart, Grace Kelly, Wendell Corey, Thelma Ritter","A wheelchair-bound photographer spies on his neighbours from his apartment window and becomes convinced one of them has committed murder.","English","USA","Nominated for 4 Oscars. Another 6 wins & 8 nominations.","https://images-na.ssl-images-amazon.com/images/M/MV5BNGUxYWM3M2MtMGM3Mi00ZmRiLWE0NGQtZjE5ODI2OTJhNTU0XkEyXkFqcGdeQXVyMTQxNzMzNDI@._V1_SX300.jpg","Internet Movie Database","8.5/10","N/A","8.5","342,023","tt0047396","movie","N/A","N/A","N/A","N/A","N/A","N/A","N/A","N/A","N/A","N/A","http://www.rottentomatoes.com/m/1017289-rear_window/","06 Mar 2001","N/A","Paramount Pictures","N/A","True"
"35","The Departed","2006","R","06 Oct 2006","151 min","Crime, Drama, Thriller","Martin Scorsese","William Monahan (screenplay), Alan Mak, Felix Chong","Leonardo DiCaprio, Matt Damon, Jack Nicholson, Mark Wahlberg","An undercover cop and a mole in the police attempt to identify each other while infiltrating an Irish gang in South Boston.","English, Cantonese","USA, Hong Kong","Won 4 Oscars. Another 92 wins & 134 nominations.","https://images-na.ssl-images-amazon.com/images/M/MV5BMTI1MTY2OTIxNV5BMl5BanBnXkFtZTYwNjQ4NjY3._V1_SX300.jpg","Internet Movie Database","8.5/10","85","8.5","943,314","tt0407887","movie","N/A","N/A","N/A","N/A","N/A","N/A","N/A","N/A","N/A","N/A","http://www.rottentomatoes.com/m/departed/","13 Feb 2007","$132,300,000","Warner Bros. Pictures","http://www.thedeparted.com/","True"
"36","Whiplash","2014","R","15 Oct 2014","107 min","Drama, Music","Damien Chazelle","Damien Chazelle","Miles Teller, J.K. Simmons, Paul Reiser, Melissa Benoist","A promising young drummer enrolls at a cut-throat music conservatory where his dreams of greatness are mentored by an instructor who will stop at nothing to realize a student's potential.","English","USA","Won 3 Oscars. Another 88 wins & 135 nominations.","https://images-na.ssl-images-amazon.com/images/M/MV5BOTVhMWQ5MDktMGE3OS00MjVlLWExZWYtMzY2MTg4ZGFiZDQ5L2ltYWdlXkEyXkFqcGdeQXVyNjU0OTQ0OTY@._V1_SX300.jpg","Internet Movie Database","8.5/10","88","8.5","485,079","tt2582802","movie","N/A","N/A","N/A","N/A","N/A","N/A","N/A","N/A","N/A","N/A","http://www.rottentomatoes.com/m/whiplash_2014/","24 Feb 2015","N/A","Sony Pictures Classics","http://sonyclassics.com/whiplash/","True"
"37","Terminator 2: Judgment Day","1991","R","03 Jul 1991","137 min","Action, Sci-Fi, Thriller","James Cameron","James Cameron, William Wisher Jr.","Arnold Schwarzenegger, Linda Hamilton, Edward Furlong, Robert Patrick","A cyborg, identical to the one who failed to kill Sarah Connor, must now protect her ten year old son, John Connor, from a more advanced cyborg.","English, Spanish","USA, France","Won 4 Oscars. Another 24 wins & 24 nominations.","https://images-na.ssl-images-amazon.com/images/M/MV5BMGU2NzRmZjUtOGUxYS00ZjdjLWEwZWItY2NlM2JhNjkxNTFmXkEyXkFqcGdeQXVyNjU0OTQ0OTY@._V1_SX300.jpg","Internet Movie Database","8.5/10","75","8.5","798,971","tt0103064","movie","N/A","N/A","N/A","N/A","N/A","N/A","N/A","N/A","N/A","N/A","http://www.rottentomatoes.com/m/terminator_2_judgment_day/","31 Mar 1998","$198,116,802","TriStar Pictures","N/A","True"
"38","Back to the Future","1985","PG","03 Jul 1985","116 min","Adventure, Comedy, Sci-Fi","Robert Zemeckis","Robert Zemeckis, Bob Gale","Michael J. Fox, Christopher Lloyd, Lea Thompson, Crispin Glover","Marty McFly, a 17-year-old high school student, is accidentally sent 30 years into the past in a time-traveling DeLorean invented by his close friend, the maverick scientist Doc Brown.","English","USA","Won 1 Oscar. Another 18 wins & 26 nominations.","https://images-na.ssl-images-amazon.com/images/M/MV5BZmU0M2Y1OGUtZjIxNi00ZjBkLTg1MjgtOWIyNThiZWIwYjRiXkEyXkFqcGdeQXVyMTQxNzMzNDI@._V1_SX300.jpg","Internet Movie Database","8.5/10","86","8.5","798,211","tt0088763","movie","N/A","N/A","N/A","N/A","N/A","N/A","N/A","N/A","N/A","N/A","http://www.rottentomatoes.com/m/back_to_the_future/","17 Dec 2002","$2,925,880","Universal Pictures","http://www.bttfmovie.com/","True"
"39","Gladiator","2000","R","05 May 2000","155 min","Action, Adventure, Drama","Ridley Scott","David Franzoni (story), David Franzoni (screenplay), John Logan (screenplay), William Nicholson (screenplay)","Russell Crowe, Joaquin Phoenix, Connie Nielsen, Oliver Reed","When a Roman general is betrayed and his family murdered by an emperor's corrupt son, he comes to Rome as a gladiator to seek revenge.","English","USA, UK","Won 5 Oscars. Another 53 wins & 101 nominations.","https://images-na.ssl-images-amazon.com/images/M/MV5BMDliMmNhNDEtODUyOS00MjNlLTgxODEtN2U3NzIxMGVkZTA1L2ltYWdlXkEyXkFqcGdeQXVyNjU0OTQ0OTY@._V1_SX300.jpg","Internet Movie Database","8.5/10","67","8.5","1,059,523","tt0172495","movie","N/A","N/A","N/A","N/A","N/A","N/A","N/A","N/A","N/A","N/A","http://www.rottentomatoes.com/m/gladiator/","21 Nov 2000","N/A","Dreamworks Distribution LLC","http://www.gladiator-thefilm.com","True"
"40","The Lion King","1994","G","24 Jun 1994","88 min","Animation, Adventure, Drama","Roger Allers, Rob Minkoff","Irene Mecchi (screenplay), Jonathan Roberts (screenplay), Linda Woolverton (screenplay), Burny Mattinson (story), Barry Johnson (story), Lorna Cook (story), Thom Enriquez (story), Andy Gaskill (story), Gary Trousdale (story), Jim Capobianco (story), Kevin Harkey (story), Jorgen Klubien (story), Chris Sanders (story), Tom Sito (story), Larry Leker (story), Joe Ranft (story), Rick Maki (story), Ed Gombert (story), Francis Glebas (story), Mark Kausler (story), J.T. Allen (additional story material), George Scribner (additional story material), Miguel Tejada-Flores (additional story material), Jenny Tripp (additional story material), Bob Tzudiker (additional story material), Christopher Vogler (additional story material), Kirk Wise (additional story material), Noni White (additional story material), Brenda Chapman (story supervisor)","Rowan Atkinson, Matthew Broderick, Niketa Calame, Jim Cummings","Lion cub and future king Simba searches for his identity. His eagerness to please others and penchant for testing his boundaries sometimes gets him into trouble.","English, Swahili, Xhosa, Zulu","USA","Won 2 Oscars. Another 33 wins & 30 nominations.","https://images-na.ssl-images-amazon.com/images/M/MV5BYTYxNGMyZTYtMjE3MS00MzNjLWFjNmYtMDk3N2FmM2JiM2M1XkEyXkFqcGdeQXVyNjY5NDU4NzI@._V1_SX300.jpg","Internet Movie Database","8.5/10","83","8.5","707,806","tt0110357","movie","N/A","N/A","N/A","N/A","N/A","N/A","N/A","N/A","N/A","N/A","http://www.rottentomatoes.com/m/the_lion_king/","07 Oct 2003","$94,240,635","Buena Vista","http://disney.go.com/lionking/","True"
"41","The Prestige","2006","PG-13","20 Oct 2006","130 min","Drama, Mystery, Sci-Fi","Christopher Nolan","Jonathan Nolan (screenplay), Christopher Nolan (screenplay), Christopher Priest (novel)","Hugh Jackman, Christian Bale, Michael Caine, Piper Perabo","Two stage magicians engage in competitive one-upmanship in an attempt to create the ultimate stage illusion.","English","USA, UK","Nominated for 2 Oscars. Another 5 wins & 36 nominations.","https://images-na.ssl-images-amazon.com/images/M/MV5BMjA4NDI0MTIxNF5BMl5BanBnXkFtZTYwNTM0MzY2._V1_SX300.jpg","Internet Movie Database","8.5/10","66","8.5","922,672","tt0482571","movie","N/A","N/A","N/A","N/A","N/A","N/A","N/A","N/A","N/A","N/A","http://www.rottentomatoes.com/m/prestige/","20 Feb 2007","$53,100,000","Buena Vista Pictures","http://touchstone.movies.go.com/index.html?dlink=prestige","True"
"42","Apocalypse Now","1979","R","15 Aug 1979","153 min","Drama, War","Francis Ford Coppola","John Milius, Francis Ford Coppola, Michael Herr (narration)","Marlon Brando, Martin Sheen, Robert Duvall, Frederic Forrest","During the Vietnam War, Captain Willard is sent on a dangerous mission into Cambodia to assassinate a renegade colonel who has set himself up as a god among a local tribe.","English, French, Vietnamese","USA","Won 2 Oscars. Another 18 wins & 31 nominations.","https://images-na.ssl-images-amazon.com/images/M/MV5BMDg1MDgzMmQtNDhlYS00MzZiLTllZGItNzliZTE1ODBiZDQwXkEyXkFqcGdeQXVyNjU0OTQ0OTY@._V1_SX300.jpg","Internet Movie Database","8.5/10","90","8.5","481,465","tt0078788","movie","N/A","N/A","N/A","N/A","N/A","N/A","N/A","N/A","N/A","N/A","http://www.rottentomatoes.com/m/apocalypse_now/","20 Nov 2001","N/A","United Artists","http://www.zoetrope.com/zoe_films.cgi?page=films&action=show_one&film_id=13","True"
"43","Memento","2000","R","25 May 2001","113 min","Mystery, Thriller","Christopher Nolan","Christopher Nolan (screenplay), Jonathan Nolan (short story ""Memento Mori"")","Guy Pearce, Carrie-Anne Moss, Joe Pantoliano, Mark Boone Junior","A man juggles searching for his wife's murderer and keeping his short-term memory loss from being an obstacle.","English","USA","Nominated for 2 Oscars. Another 55 wins & 55 nominations.","https://images-na.ssl-images-amazon.com/images/M/MV5BZTcyNjk1MjgtOWI3Mi00YzQwLWI5MTktMzY4ZmI2NDAyNzYzXkEyXkFqcGdeQXVyNjU0OTQ0OTY@._V1_SX300.jpg","Internet Movie Database","8.5/10","80","8.5","909,341","tt0209144","movie","N/A","N/A","N/A","N/A","N/A","N/A","N/A","N/A","N/A","N/A","http://www.rottentomatoes.com/m/memento/","04 Sep 2001","$23,844,220","Newmarket Films","http://www.otnemem.com","True"
"44","The Great Dictator","1940","APPROVED","07 Mar 1941","125 min","Comedy, Drama, War","Charles Chaplin","Charles Chaplin","Charles Chaplin, Jack Oakie, Reginald Gardiner, Henry Daniell","Dictator Adenoid Hynkel tries to expand his empire while a poor Jewish barber tries to avoid persecution from Hynkel's regime.","English, Esperanto","USA","Nominated for 5 Oscars. Another 6 wins & 1 nomination.","https://images-na.ssl-images-amazon.com/images/M/MV5BMmExYWJjNTktNGUyZS00ODhmLTkxYzAtNWIzOGEyMGNiMmUwXkEyXkFqcGdeQXVyNjU0OTQ0OTY@._V1_SX300.jpg","Internet Movie Database","8.5/10","N/A","8.5","151,705","tt0032553","movie","N/A","N/A","N/A","N/A","N/A","N/A","N/A","N/A","N/A","N/A","http://www.rottentomatoes.com/m/great_dictator/","10 May 2010","N/A","Criterion Collection","N/A","True"
"45","Sunset Boulevard","1950","PASSED","29 Sep 1950","110 min","Drama, Film-Noir","Billy Wilder","Charles Brackett, Billy Wilder, D.M. Marshman Jr.","William Holden, Gloria Swanson, Erich von Stroheim, Nancy Olson","A screenwriter is hired to rework a faded silent film star's script only to find himself developing a dangerous relationship.","English","USA","Won 3 Oscars. Another 15 wins & 18 nominations.","https://images-na.ssl-images-amazon.com/images/M/MV5BMTU0NTkyNzYwMF5BMl5BanBnXkFtZTgwMDU0NDk5MTI@._V1_SX300.jpg","Internet Movie Database","8.5/10","N/A","8.5","151,983","tt0043014","movie","N/A","N/A","N/A","N/A","N/A","N/A","N/A","N/A","N/A","N/A","http://www.rottentomatoes.com/m/sunset_boulevard/","26 Nov 2002","N/A","Paramount Pictures","N/A","True"
"46","Alien","1979","R","22 Jun 1979","117 min","Horror, Sci-Fi","Ridley Scott","Dan O'Bannon (story), Ronald Shusett (story), Dan O'Bannon (screenplay)","Tom Skerritt, Sigourney Weaver, Veronica Cartwright, Harry Dean Stanton","After a space merchant vessel perceives an unknown transmission as a distress call, its landing on the source moon finds one of the crew attacked by a mysterious life-form, and they soon realize that its life cycle has merely begun.","English","UK, USA","Won 1 Oscar. Another 16 wins & 19 nominations.","https://images-na.ssl-images-amazon.com/images/M/MV5BNDNhN2IxZWItNGEwYS00ZDNhLThiM2UtODU3NWJlZjBkYjQxXkEyXkFqcGdeQXVyMTQxNzMzNDI@._V1_SX300.jpg","Internet Movie Database","8.5/10","83","8.5","618,222","tt0078748","movie","N/A","N/A","N/A","N/A","N/A","N/A","N/A","N/A","N/A","N/A","http://www.rottentomatoes.com/m/alien/","06 Jan 2004","N/A","20th Century Fox","http://www.foxmovies.com/index1.html","True"
"47","Dr. Strangelove or: How I Learned to Stop Worrying and Love the Bomb","1964","PG","29 Jan 1964","95 min","Comedy","Stanley Kubrick","Stanley Kubrick (screenplay), Terry Southern (screenplay), Peter George (screenplay), Peter George (based on the book: ""Red Alert"" by)","Peter Sellers, George C. Scott, Sterling Hayden, Keenan Wynn","An insane general triggers a path to nuclear holocaust that a war room full of politicians and generals frantically try to stop.","English, Russian","USA, UK","Nominated for 4 Oscars. Another 13 wins & 6 nominations.","https://images-na.ssl-images-amazon.com/images/M/MV5BMTU2ODM2NTkxNF5BMl5BanBnXkFtZTcwOTMwMzU3Mg@@._V1_SX300.jpg","Internet Movie Database","8.5/10","96","8.5","367,328","tt0057012","movie","N/A","N/A","N/A","N/A","N/A","N/A","N/A","N/A","N/A","N/A","http://www.rottentomatoes.com/m/dr_strangelove/","02 Nov 2004","N/A","Sony Pictures","N/A","True"
"48","Paths of Glory","1957","APPROVED","01 Nov 1957","88 min","Drama, War","Stanley Kubrick","Stanley Kubrick (screenplay), Calder Willingham (screenplay), Jim Thompson (screenplay), Humphrey Cobb (based on the novel ""Paths of Glory"" by)","Kirk Douglas, Ralph Meeker, Adolphe Menjou, George Macready","After refusing to attack an enemy position, a general accuses the soldiers of cowardice and their commanding officer must defend them.","English, German, Latin","USA","Nominated for 1 BAFTA Film Award. Another 4 wins & 2 nominations.","https://images-na.ssl-images-amazon.com/images/M/MV5BMDdkYzE5ODYtMmIwZi00MDgzLTk1YWEtZTcwNGRmMzAwNDMzXkEyXkFqcGdeQXVyNDQzMDg4Nzk@._V1_SX300.jpg","Internet Movie Database","8.5/10","N/A","8.5","132,224","tt0050825","movie","N/A","N/A","N/A","N/A","N/A","N/A","N/A","N/A","N/A","N/A","http://www.rottentomatoes.com/m/paths_of_glory/","15 May 2001","N/A","United Artists","N/A","True"
"49","Django Unchained","2012","R","25 Dec 2012","165 min","Drama, Western","Quentin Tarantino","Quentin Tarantino","Jamie Foxx, Christoph Waltz, Leonardo DiCaprio, Kerry Washington","With the help of a German bounty hunter , a freed slave sets out to rescue his wife from a brutal Mississippi plantation owner.","English, German, French, Italian","USA","Won 2 Oscars. Another 56 wins & 151 nominations.","https://images-na.ssl-images-amazon.com/images/M/MV5BMjIyNTQ5NjQ1OV5BMl5BanBnXkFtZTcwODg1MDU4OA@@._V1_SX300.jpg","Internet Movie Database","8.4/10","81","8.4","1,047,465","tt1853728","movie","N/A","N/A","N/A","N/A","N/A","N/A","N/A","N/A","N/A","N/A","http://www.rottentomatoes.com/m/django_unchained_2012/","16 Apr 2013","$162,804,648","The Weinstein Co.","http://unchainedmovie.com/","True"
"50","The Shining","1980","R","13 Jun 1980","146 min","Drama, Horror","Stanley Kubrick","Stephen King (novel), Stanley Kubrick (screenplay), Diane Johnson (screenplay)","Jack Nicholson, Shelley Duvall, Danny Lloyd, Scatman Crothers","A family heads to an isolated hotel for the winter where an evil and spiritual presence influences the father into violence, while his psychic son sees horrific forebodings from the past and of the future.","English","UK, USA","3 wins & 5 nominations.","https://images-na.ssl-images-amazon.com/images/M/MV5BZWFlYmY2MGEtZjVkYS00YzU4LTg0YjQtYzY1ZGE3NTA5NGQxXkEyXkFqcGdeQXVyMTQxNzMzNDI@._V1_SX300.jpg","Internet Movie Database","8.4/10","61","8.4","664,418","tt0081505","movie","N/A","N/A","N/A","N/A","N/A","N/A","N/A","N/A","N/A","N/A","http://www.rottentomatoes.com/m/shining/","29 Jun 1999","N/A","Warner Bros. Pictures","N/A","True"
